<?xml version="1.0" encoding="UTF-8" standalone="yes"?>
<addon id="repository.dwstuff" name="dwstuff repository" version="1.4" provider-name="dwthings">
    <extension point="xbmc.addon.repository" name="Example Repository">
        <dir>
            <info compressed="false">https://raw.githubusercontent.com/dwthings/repo/master/zips/addons.xml</info>
            <checksum>https://raw.githubusercontent.com/dwthings/repo/master/zips/addons.xml.md5</checksum>
            <datadir zip="true">https://raw.githubusercontent.com/dwthings/repo/master/zips/</datadir>
        </dir>
		<dir>
			<info compressed="false">https://raw.githubusercontent.com/Gujal00/smrzips/master/addons.xml</info>
			<checksum>https://raw.githubusercontent.com/Gujal00/smrzips/master/addons.xml.md5</checksum>
			<datadir zip="true">https://raw.githubusercontent.com/Gujal00/smrzips/master/zips/</datadir>
		</dir>
    </extension>
    <extension point="xbmc.addon.metadata">
        <summary>dwstuff repository</summary>
        <description>Just a small repo.</description>
        <disclaimer></disclaimer>
        <platform>all</platform>
        <assets>
            <icon>icon.png</icon>
            <fanart>fanart.jpg</fanart>
        </assets>
    </extension>
</addon>