<?xml version="1.0" encoding="UTF-8" standalone="yes"?>
<addon id="repository.dwstuff" name="dwstuff" version="1.1" provider-name="dwthings">
    <extension point="xbmc.addon.repository" name="Example Repository">
        <dir>
            <info compressed="false">https://raw.githubusercontent.com/dwthings/dwthings.github.io/master/repo/zips/addons.xml</info>
            <checksum>https://raw.githubusercontent.com/dwthings/dwthings.github.io/master/repo/zips/addons.xml.md5</checksum>
            <datadir zip="true">https://dwthings.github.io/master/repo/zips/</datadir>
        </dir>
    </extension>
    <extension point="xbmc.addon.metadata">
        <summary>dwstuff</summary>
        <description>Just a small repo.</description>
        <disclaimer></disclaimer>
        <platform>all</platform>
        <assets>
            <icon>icon.png</icon>
            <fanart>fanart.jpg</fanart>
        </assets>
    </extension>
</addon>